<?xml version="1.0" encoding="UTF-8" ?>
<!DOCTYPE mapper PUBLIC "-//mybatis.org//DTD Mapper 3.0//EN" "http://mybatis.org/dtd/mybatis-3-mapper.dtd" >
<mapper namespace="com.eyeapp.dao.KnowledgeQuestionMapper" >
  <resultMap id="BaseResultMap" type="com.eyeapp.pojo.KnowledgeQuestion" >
    <constructor >
      <idArg column="Id" jdbcType="INTEGER" javaType="java.lang.Integer" />
      <arg column="title" jdbcType="VARCHAR" javaType="java.lang.String" />
      <arg column="content" jdbcType="VARCHAR" javaType="java.lang.String" />
      <arg column="u_id" jdbcType="INTEGER" javaType="java.lang.Integer" />
      <arg column="date" jdbcType="TIMESTAMP" javaType="java.util.Date" />
    </constructor>
  </resultMap>
  <sql id="Base_Column_List" >
    Id, title, content, u_id, date
  </sql>
  <select id="selectByPrimaryKey" resultMap="BaseResultMap" parameterType="java.lang.Integer" >
    select 
    <include refid="Base_Column_List" />
    from knowledge_question
    where Id = #{id,jdbcType=INTEGER}
  </select>
  <delete id="deleteByPrimaryKey" parameterType="java.lang.Integer" >
    delete from knowledge_question
    where Id = #{id,jdbcType=INTEGER}
  </delete>
  <insert id="insert" parameterType="com.eyeapp.pojo.KnowledgeQuestion" >
    insert into knowledge_question (Id, title, content, 
      u_id, date)
    values (#{id,jdbcType=INTEGER}, #{title,jdbcType=VARCHAR}, #{content,jdbcType=VARCHAR}, 
      #{uId,jdbcType=INTEGER}, now())
  </insert>
  <insert id="insertSelective" parameterType="com.eyeapp.pojo.KnowledgeQuestion" >
    insert into knowledge_question
    <trim prefix="(" suffix=")" suffixOverrides="," >
      <if test="id != null" >
        Id,
      </if>
      <if test="title != null" >
        title,
      </if>
      <if test="content != null" >
        content,
      </if>
      <if test="uId != null" >
        u_id,
      </if>
      <if test="date != null" >
        date,
      </if>
    </trim>
    <trim prefix="values (" suffix=")" suffixOverrides="," >
      <if test="id != null" >
        #{id,jdbcType=INTEGER},
      </if>
      <if test="title != null" >
        #{title,jdbcType=VARCHAR},
      </if>
      <if test="content != null" >
        #{content,jdbcType=VARCHAR},
      </if>
      <if test="uId != null" >
        #{uId,jdbcType=INTEGER},
      </if>
      <if test="date != null" >
        #{date,jdbcType=TIMESTAMP},
      </if>
    </trim>
  </insert>
  <update id="updateByPrimaryKeySelective" parameterType="com.eyeapp.pojo.KnowledgeQuestion" >
    update knowledge_question
    <set >
      <if test="title != null" >
        title = #{title,jdbcType=VARCHAR},
      </if>
      <if test="content != null" >
        content = #{content,jdbcType=VARCHAR},
      </if>
      <if test="uId != null" >
        u_id = #{uId,jdbcType=INTEGER},
      </if>
      <if test="date != null" >
        date = #{date,jdbcType=TIMESTAMP},
      </if>
    </set>
    where Id = #{id,jdbcType=INTEGER}
  </update>
  <update id="updateByPrimaryKey" parameterType="com.eyeapp.pojo.KnowledgeQuestion" >
    update knowledge_question
    set title = #{title,jdbcType=VARCHAR},
      content = #{content,jdbcType=VARCHAR},
      u_id = #{uId,jdbcType=INTEGER},
      date = now()
    where Id = #{id,jdbcType=INTEGER}
  </update>
</mapper>