<?xml version="1.0" encoding="UTF-8" ?>
<!DOCTYPE mapper PUBLIC "-//mybatis.org//DTD Mapper 3.0//EN" "http://mybatis.org/dtd/mybatis-3-mapper.dtd" >
<mapper namespace="com.eyeapp.dao.KnowledgePaperMapper" >
  <resultMap id="BaseResultMap" type="com.eyeapp.pojo.KnowledgePaper" >
    <constructor >
      <idArg column="Id" jdbcType="INTEGER" javaType="java.lang.Integer" />
      <arg column="title" jdbcType="VARCHAR" javaType="java.lang.String" />
      <arg column="content" jdbcType="VARCHAR" javaType="java.lang.String" />
      <arg column="view_count" jdbcType="INTEGER" javaType="java.lang.Integer" />
      <arg column="date" jdbcType="TIMESTAMP" javaType="java.util.Date" />
      <arg column="type" jdbcType="CHAR" javaType="java.lang.String" />
    </constructor>
  </resultMap>
  <sql id="Base_Column_List" >
    Id, title, content, view_count, date, type
  </sql>
  <select id="selectByPrimaryKey" resultMap="BaseResultMap" parameterType="java.lang.Integer" >
    select 
    <include refid="Base_Column_List" />
    from knowledge_paper
    where Id = #{id,jdbcType=INTEGER}
  </select>
  <delete id="deleteByPrimaryKey" parameterType="java.lang.Integer" >
    delete from knowledge_paper
    where Id = #{id,jdbcType=INTEGER}
  </delete>
  <insert id="insert" parameterType="com.eyeapp.pojo.KnowledgePaper" >
    insert into knowledge_paper (Id, title, content, 
      view_count, date, type
      )
    values (#{id,jdbcType=INTEGER}, #{title,jdbcType=VARCHAR}, #{content,jdbcType=VARCHAR}, 
      #{viewCount,jdbcType=INTEGER}, #{date,jdbcType=TIMESTAMP}, #{type,jdbcType=CHAR}
      )
  </insert>
  <insert id="insertSelective" parameterType="com.eyeapp.pojo.KnowledgePaper" >
    insert into knowledge_paper
    <trim prefix="(" suffix=")" suffixOverrides="," >
      <if test="id != null" >
        Id,
      </if>
      <if test="title != null" >
        title,
      </if>
      <if test="content != null" >
        content,
      </if>
      <if test="viewCount != null" >
        view_count,
      </if>
      <if test="date != null" >
        date,
      </if>
      <if test="type != null" >
        type,
      </if>
    </trim>
    <trim prefix="values (" suffix=")" suffixOverrides="," >
      <if test="id != null" >
        #{id,jdbcType=INTEGER},
      </if>
      <if test="title != null" >
        #{title,jdbcType=VARCHAR},
      </if>
      <if test="content != null" >
        #{content,jdbcType=VARCHAR},
      </if>
      <if test="viewCount != null" >
        #{viewCount,jdbcType=INTEGER},
      </if>
      <if test="date != null" >
        #{date,jdbcType=TIMESTAMP},
      </if>
      <if test="type != null" >
        #{type,jdbcType=CHAR},
      </if>
    </trim>
  </insert>
  <update id="updateByPrimaryKeySelective" parameterType="com.eyeapp.pojo.KnowledgePaper" >
    update knowledge_paper
    <set >
      <if test="title != null" >
        title = #{title,jdbcType=VARCHAR},
      </if>
      <if test="content != null" >
        content = #{content,jdbcType=VARCHAR},
      </if>
      <if test="viewCount != null" >
        view_count = #{viewCount,jdbcType=INTEGER},
      </if>
      <if test="date != null" >
        date = #{date,jdbcType=TIMESTAMP},
      </if>
      <if test="type != null" >
        type = #{type,jdbcType=CHAR},
      </if>
    </set>
    where Id = #{id,jdbcType=INTEGER}
  </update>
  <update id="updateByPrimaryKey" parameterType="com.eyeapp.pojo.KnowledgePaper" >
    update knowledge_paper
    set title = #{title,jdbcType=VARCHAR},
      content = #{content,jdbcType=VARCHAR},
      view_count = #{viewCount,jdbcType=INTEGER},
      date = #{date,jdbcType=TIMESTAMP},
      type = #{type,jdbcType=CHAR}
    where Id = #{id,jdbcType=INTEGER}
  </update>
  <select id="selectList" resultMap="BaseResultMap" >
    SELECT <include refid="Base_Column_List"/>
    FROM
    knowledge_paper
    ORDER BY date DESC
  </select>
  <select id="selectHotList" resultMap="BaseResultMap" >
    SELECT <include refid="Base_Column_List"/>
    FROM
    knowledge_paper
    ORDER BY view_count DESC
  </select>
  <select id="selectListByType" resultMap="BaseResultMap" parameterType="map">
    SELECT <include refid="Base_Column_List"/>
    FROM
    knowledge_paper WHERE type = #{type}
    ORDER BY view_count DESC
  </select>
  <select id="checkPaperTypeExist" resultType="int" parameterType="string">
    SELECT COUNT(1) FROM knowledge_paper WHERE type=#{type}
  </select>
</mapper>