<?xml version="1.0" encoding="UTF-8" ?>
<!DOCTYPE mapper PUBLIC "-//mybatis.org//DTD Mapper 3.0//EN" "http://mybatis.org/dtd/mybatis-3-mapper.dtd" >
<mapper namespace="com.eyeapp.dao.MessageMapper" >
  <resultMap id="BaseResultMap" type="com.eyeapp.pojo.Message" >
    <constructor >
      <idArg column="Id" jdbcType="INTEGER" javaType="java.lang.Integer" />
      <arg column="message" jdbcType="VARCHAR" javaType="java.lang.String" />
      <arg column="is_read" jdbcType="CHAR" javaType="java.lang.String" />
      <arg column="date" jdbcType="TIMESTAMP" javaType="java.util.Date" />
      <arg column="from_id" jdbcType="INTEGER" javaType="java.lang.Integer" />
      <arg column="to_id" jdbcType="INTEGER" javaType="java.lang.Integer" />
    </constructor>
  </resultMap>
  <sql id="Base_Column_List" >
    Id, message, is_read, date, from_id, to_id
  </sql>
  <select id="selectByPrimaryKey" resultMap="BaseResultMap" parameterType="java.lang.Integer" >
    select 
    <include refid="Base_Column_List" />
    from user_message
    where Id = #{id,jdbcType=INTEGER}
  </select>
  <delete id="deleteByPrimaryKey" parameterType="java.lang.Integer" >
    delete from user_message
    where Id = #{id,jdbcType=INTEGER}
  </delete>
  <insert id="insert" parameterType="com.eyeapp.pojo.Message" >
    insert into user_message (Id, message, is_read, 
      date, from_id, to_id
      )
    values (#{id,jdbcType=INTEGER}, #{message,jdbcType=VARCHAR}, #{isRead,jdbcType=CHAR}, 
      #{date,jdbcType=TIMESTAMP}, #{fromId,jdbcType=INTEGER}, #{toId,jdbcType=INTEGER}
      )
  </insert>
  <insert id="insertSelective" parameterType="com.eyeapp.pojo.Message" >
    insert into user_message
    <trim prefix="(" suffix=")" suffixOverrides="," >
      <if test="id != null" >
        Id,
      </if>
      <if test="message != null" >
        message,
      </if>
      <if test="isRead != null" >
        is_read,
      </if>
      <if test="date != null" >
        date,
      </if>
      <if test="fromId != null" >
        from_id,
      </if>
      <if test="toId != null" >
        to_id,
      </if>
    </trim>
    <trim prefix="values (" suffix=")" suffixOverrides="," >
      <if test="id != null" >
        #{id,jdbcType=INTEGER},
      </if>
      <if test="message != null" >
        #{message,jdbcType=VARCHAR},
      </if>
      <if test="isRead != null" >
        #{isRead,jdbcType=CHAR},
      </if>
      <if test="date != null" >
        #{date,jdbcType=TIMESTAMP},
      </if>
      <if test="fromId != null" >
        #{fromId,jdbcType=INTEGER},
      </if>
      <if test="toId != null" >
        #{toId,jdbcType=INTEGER},
      </if>
    </trim>
  </insert>
  <update id="updateByPrimaryKeySelective" parameterType="com.eyeapp.pojo.Message" >
    update user_message
    <set >
      <if test="message != null" >
        message = #{message,jdbcType=VARCHAR},
      </if>
      <if test="isRead != null" >
        is_read = #{isRead,jdbcType=CHAR},
      </if>
      <if test="date != null" >
        date = #{date,jdbcType=TIMESTAMP},
      </if>
      <if test="fromId != null" >
        from_id = #{fromId,jdbcType=INTEGER},
      </if>
      <if test="toId != null" >
        to_id = #{toId,jdbcType=INTEGER},
      </if>
    </set>
    where Id = #{id,jdbcType=INTEGER}
  </update>
  <update id="updateByPrimaryKey" parameterType="com.eyeapp.pojo.Message" >
    update user_message
    set message = #{message,jdbcType=VARCHAR},
      is_read = #{isRead,jdbcType=CHAR},
      date = #{date,jdbcType=TIMESTAMP},
      from_id = #{fromId,jdbcType=INTEGER},
      to_id = #{toId,jdbcType=INTEGER}
    where Id = #{id,jdbcType=INTEGER}
  </update>
</mapper>