<?xml version="1.0" encoding="UTF-8" ?>
<!DOCTYPE mapper PUBLIC "-//mybatis.org//DTD Mapper 3.0//EN" "http://mybatis.org/dtd/mybatis-3-mapper.dtd" >
<mapper namespace="com.eyeapp.dao.QuestionMapper" >
  <resultMap id="BaseResultMap" type="com.eyeapp.pojo.Question" >
    <constructor >
      <idArg column="Id" jdbcType="INTEGER" javaType="java.lang.Integer" />
      <arg column="title" jdbcType="VARCHAR" javaType="java.lang.String" />
      <arg column="img_url" jdbcType="VARCHAR" javaType="java.lang.String" />
      <arg column="option1" jdbcType="VARCHAR" javaType="java.lang.String" />
      <arg column="option2" jdbcType="VARCHAR" javaType="java.lang.String" />
      <arg column="option3" jdbcType="VARCHAR" javaType="java.lang.String" />
      <arg column="option4" jdbcType="VARCHAR" javaType="java.lang.String" />
      <arg column="correct_option" jdbcType="INTEGER" javaType="java.lang.Integer" />
      <arg column="type" jdbcType="CHAR" javaType="java.lang.String" />
    </constructor>
  </resultMap>
  <sql id="Base_Column_List" >
    Id, title, img_url, option1, option2, option3, option4, correct_option, type
  </sql>
  <select id="selectByPrimaryKey" resultMap="BaseResultMap" parameterType="java.lang.Integer" >
    select 
    <include refid="Base_Column_List" />
    from test_question
    where Id = #{id,jdbcType=INTEGER}
  </select>
  <delete id="deleteByPrimaryKey" parameterType="java.lang.Integer" >
    delete from test_question
    where Id = #{id,jdbcType=INTEGER}
  </delete>
  <insert id="insert" parameterType="com.eyeapp.pojo.Question" >
    insert into test_question (Id, title, img_url, 
      option1, option2, option3, 
      option4, correct_option, type
      )
    values (#{id,jdbcType=INTEGER}, #{title,jdbcType=VARCHAR}, #{imgUrl,jdbcType=VARCHAR}, 
      #{option1,jdbcType=VARCHAR}, #{option2,jdbcType=VARCHAR}, #{option3,jdbcType=VARCHAR}, 
      #{option4,jdbcType=VARCHAR}, #{correctOption,jdbcType=INTEGER}, #{type,jdbcType=CHAR}
      )
  </insert>
  <insert id="insertSelective" parameterType="com.eyeapp.pojo.Question" >
    insert into test_question
    <trim prefix="(" suffix=")" suffixOverrides="," >
      <if test="id != null" >
        Id,
      </if>
      <if test="title != null" >
        title,
      </if>
      <if test="imgUrl != null" >
        img_url,
      </if>
      <if test="option1 != null" >
        option1,
      </if>
      <if test="option2 != null" >
        option2,
      </if>
      <if test="option3 != null" >
        option3,
      </if>
      <if test="option4 != null" >
        option4,
      </if>
      <if test="correctOption != null" >
        correct_option,
      </if>
      <if test="type != null" >
        type,
      </if>
    </trim>
    <trim prefix="values (" suffix=")" suffixOverrides="," >
      <if test="id != null" >
        #{id,jdbcType=INTEGER},
      </if>
      <if test="title != null" >
        #{title,jdbcType=VARCHAR},
      </if>
      <if test="imgUrl != null" >
        #{imgUrl,jdbcType=VARCHAR},
      </if>
      <if test="option1 != null" >
        #{option1,jdbcType=VARCHAR},
      </if>
      <if test="option2 != null" >
        #{option2,jdbcType=VARCHAR},
      </if>
      <if test="option3 != null" >
        #{option3,jdbcType=VARCHAR},
      </if>
      <if test="option4 != null" >
        #{option4,jdbcType=VARCHAR},
      </if>
      <if test="correctOption != null" >
        #{correctOption,jdbcType=INTEGER},
      </if>
      <if test="type != null" >
        #{type,jdbcType=CHAR},
      </if>
    </trim>
  </insert>
  <update id="updateByPrimaryKeySelective" parameterType="com.eyeapp.pojo.Question" >
    update test_question
    <set >
      <if test="title != null" >
        title = #{title,jdbcType=VARCHAR},
      </if>
      <if test="imgUrl != null" >
        img_url = #{imgUrl,jdbcType=VARCHAR},
      </if>
      <if test="option1 != null" >
        option1 = #{option1,jdbcType=VARCHAR},
      </if>
      <if test="option2 != null" >
        option2 = #{option2,jdbcType=VARCHAR},
      </if>
      <if test="option3 != null" >
        option3 = #{option3,jdbcType=VARCHAR},
      </if>
      <if test="option4 != null" >
        option4 = #{option4,jdbcType=VARCHAR},
      </if>
      <if test="correctOption != null" >
        correct_option = #{correctOption,jdbcType=INTEGER},
      </if>
      <if test="type != null" >
        type = #{type,jdbcType=CHAR},
      </if>
    </set>
    where Id = #{id,jdbcType=INTEGER}
  </update>
  <update id="updateByPrimaryKey" parameterType="com.eyeapp.pojo.Question" >
    update test_question
    set title = #{title,jdbcType=VARCHAR},
      img_url = #{imgUrl,jdbcType=VARCHAR},
      option1 = #{option1,jdbcType=VARCHAR},
      option2 = #{option2,jdbcType=VARCHAR},
      option3 = #{option3,jdbcType=VARCHAR},
      option4 = #{option4,jdbcType=VARCHAR},
      correct_option = #{correctOption,jdbcType=INTEGER},
      type = #{type,jdbcType=CHAR}
    where Id = #{id,jdbcType=INTEGER}
  </update>
  <select id="selectRandomList" resultMap="BaseResultMap">
    SELECT
    <include refid="Base_Column_List" />
    from test_question
    where type=#{type} ORDER BY RAND() LIMIT 0,#{questionsize}
  </select>
</mapper>