<?xml version="1.0" encoding="UTF-8" ?>
<!DOCTYPE mapper PUBLIC "-//mybatis.org//DTD Mapper 3.0//EN" "http://mybatis.org/dtd/mybatis-3-mapper.dtd" >
<mapper namespace="com.eyeapp.dao.TestMapper" >
  <resultMap id="BaseResultMap" type="com.eyeapp.pojo.Test" >
    <constructor >
      <idArg column="Id" jdbcType="INTEGER" javaType="java.lang.Integer" />
      <arg column="u_id" jdbcType="INTEGER" javaType="java.lang.Integer" />
      <arg column="correct_rate" jdbcType="INTEGER" javaType="java.lang.Integer" />
      <arg column="date" jdbcType="TIMESTAMP" javaType="java.util.Date" />
      <arg column="eye" jdbcType="CHAR" javaType="java.lang.String" />
      <arg column="test_result" jdbcType="DOUBLE" javaType="java.lang.Double"/>
      <arg column="type" jdbcType="CHAR" javaType="java.lang.String" />
    </constructor>
  </resultMap>
  <sql id="Base_Column_List" >
    Id, u_id, correct_rate, date, eye, test_result , type
  </sql>

  <insert id="submitresult" parameterType="com.eyeapp.pojo.Test" >
    insert into test (Id, u_id, correct_rate,
      date, eye,test_result,type)
    values (#{id,jdbcType=INTEGER}, #{uId,jdbcType=INTEGER}, #{correctRate,jdbcType=INTEGER},now(),
    #{eye,jdbcType=CHAR},#{testResult,jdbcType=DOUBLE},#{type,jdbcType=CHAR})
  </insert>
</mapper>