<?xml version="1.0" encoding="UTF-8" ?>
<!DOCTYPE mapper PUBLIC "-//mybatis.org//DTD Mapper 3.0//EN" "http://mybatis.org/dtd/mybatis-3-mapper.dtd" >
<mapper namespace="com.eyeapp.dao.UserMapper" >
  <resultMap id="BaseResultMap" type="com.eyeapp.pojo.User" >
    <constructor >
      <idArg column="Id" jdbcType="INTEGER" javaType="java.lang.Integer" />
      <arg column="nick_name" jdbcType="VARCHAR" javaType="java.lang.String" />
      <arg column="phone" jdbcType="VARCHAR" javaType="java.lang.String" />
      <arg column="sex" jdbcType="CHAR" javaType="java.lang.String" />
      <arg column="password" jdbcType="VARCHAR" javaType="java.lang.String" />
      <arg column="type" jdbcType="CHAR" javaType="java.lang.String" />
    </constructor>
  </resultMap>
  <sql id="Base_Column_List" >
    Id, nick_name, phone, sex, password, type
  </sql>
  <select id="selectByPrimaryKey" resultMap="BaseResultMap" parameterType="java.lang.Integer" >
    select 
    <include refid="Base_Column_List" />
    from user
    where Id = #{id,jdbcType=INTEGER}
  </select>
  <delete id="deleteByPrimaryKey" parameterType="java.lang.Integer" >
    delete from user
    where Id = #{id,jdbcType=INTEGER}
  </delete>
  <insert id="insert" parameterType="com.eyeapp.pojo.User" >
    insert into user (Id, nick_name, phone, 
      sex, password, type)
    values (#{id,jdbcType=INTEGER}, #{nickName,jdbcType=VARCHAR}, #{phone,jdbcType=VARCHAR},
      #{sex,jdbcType=CHAR}, #{password,jdbcType=VARCHAR}, #{type,jdbcType=CHAR})
  </insert>
  <insert id="insertSelective" parameterType="com.eyeapp.pojo.User" >
    insert into user
    <trim prefix="(" suffix=")" suffixOverrides="," >
      <if test="id != null" >
        Id,
      </if>
      <if test="nickName != null" >
        nick_name,
      </if>
      <if test="phone != null" >
        phone,
      </if>
      <if test="sex != null" >
        sex,
      </if>
      <if test="password != null" >
        password,
      </if>
      <if test="type != null" >
        type,
      </if>
    </trim>
    <trim prefix="values (" suffix=")" suffixOverrides="," >
      <if test="id != null" >
        #{id,jdbcType=INTEGER},
      </if>
      <if test="nickName != null" >
        #{nickName,jdbcType=VARCHAR},
      </if>
      <if test="phone != null" >
        #{phone,jdbcType=VARCHAR},
      </if>
      <if test="sex != null" >
        #{sex,jdbcType=CHAR},
      </if>
      <if test="password != null" >
        #{password,jdbcType=VARCHAR},
      </if>
      <if test="type != null" >
        #{type,jdbcType=CHAR},
      </if>
    </trim>
  </insert>
  <update id="updateByPrimaryKeySelective" parameterType="com.eyeapp.pojo.User" >
    update user
    <set >
      <if test="nickName != null" >
        nick_name = #{nickName,jdbcType=VARCHAR},
      </if>
      <if test="phone != null" >
        phone = #{phone,jdbcType=VARCHAR},
      </if>
      <if test="sex != null" >
        sex = #{sex,jdbcType=CHAR},
      </if>
      <if test="password != null" >
        password = #{password,jdbcType=VARCHAR},
      </if>
      <if test="type != null" >
        type = #{type,jdbcType=CHAR},
      </if>
    </set>
    where Id = #{id,jdbcType=INTEGER}
  </update>
  <update id="updateByPrimaryKey" parameterType="com.eyeapp.pojo.User" >
    update user
    set nick_name = #{nickName,jdbcType=VARCHAR},
      phone = #{phone,jdbcType=VARCHAR},
      sex = #{sex,jdbcType=CHAR},
      password = #{password,jdbcType=VARCHAR},
      type = #{type,jdbcType=CHAR}
    where Id = #{id,jdbcType=INTEGER}
  </update>
  <select id="checkPhone" parameterType="java.lang.String" resultType="int">
    SELECT COUNT(1) FROM user WHERE phone = #{phone}
  </select>
  <select id="selectLogin" resultMap="BaseResultMap" parameterType="map">
    SELECT
    <include refid="Base_Column_List" />
    FROM  user WHERE phone = #{phone} AND password = #{password}
  </select>
</mapper>